Par,Diferencia Media,Diferencia Mediana,Ratio Tamaño,Solapamiento (%)
B2C_vs_W2C,18.740329234022163,16.224778712538345,1.0,0
B4C_vs_W4C,30.04503830509582,27.152397873520275,1.0,0
B8C_vs_W8C,38.90094251626158,35.561942899327,1.0,0
B16C_vs_W16C,46.82083190795677,43.27597219003497,1.0,0
