ranking,arista,correlacion,distancia,fuerza_relacion
1,x_24 <-> x_27,0.830031621656091,0.169968378343909,83.0031621656091
2,x_24 <-> x_30,0.7977106967325847,0.20228930326741534,79.77106967325847
3,x_21 <-> x_22,0.7917105915477113,0.20828940845228872,79.17105915477113
4,x_10 <-> x_11,0.7869982662667435,0.21300173373325648,78.69982662667435
5,x_3 <-> x_9,0.7854037212932455,0.21459627870675446,78.54037212932455
