ranking,arista,correlacion,distancia,fuerza_relacion
1,x_38 <-> target_y,0.8014310307716603,0.19856896922833966,80.14310307716603
2,x_32 <-> x_33,0.7819836363503018,0.21801636364969823,78.19836363503018
3,x_22 <-> x_24,0.7277689945055367,0.27223100549446333,72.77689945055367
4,x_18 <-> target_y,0.7270510803696254,0.2729489196303746,72.70510803696254
5,x_17 <-> x_39,0.726534180244845,0.27346581975515505,72.6534180244845
