ranking,arista,correlacion,distancia,fuerza_relacion
1,x3 <-> x7,0.041259614290618196,0.9587403857093818,4.125961429061819
2,x5 <-> y,0.03911806291152664,0.9608819370884734,3.911806291152664
3,x2 <-> x4,0.0382573762154782,0.9617426237845218,3.82573762154782
4,x6 <-> x9,0.03711281536252309,0.9628871846374769,3.711281536252309
5,x3 <-> x5,0.03666028986389214,0.9633397101361079,3.6660289863892137
