ranking,arista,correlacion,distancia,fuerza_relacion
1,x_21 <-> x_22,0.807483297730365,0.19251670226963502,80.7483297730365
2,x_24 <-> x_27,0.8059661639520163,0.19403383604798374,80.59661639520162
3,x_20 <-> x_21,0.8022449357133314,0.19775506428666856,80.22449357133314
4,x_39 <-> target_y,0.7935727451800694,0.20642725481993063,79.35727451800693
5,x_10 <-> x_11,0.7883093975085561,0.2116906024914439,78.8309397508556
