ranking,arista,correlacion,distancia,fuerza_relacion
1,x8 <-> x10,0.04031624948386159,0.9596837505161384,4.031624948386159
2,x5 <-> x7,0.03880551860345516,0.9611944813965448,3.880551860345516
3,x4 <-> x5,0.03800035962524739,0.9619996403747526,3.8000359625247393
4,x1 <-> x2,0.036509066846458715,0.9634909331535413,3.6509066846458715
5,x2 <-> x8,0.03640016927472134,0.9635998307252787,3.640016927472134
