ranking,arista,correlacion,distancia,fuerza_relacion
1,x_24 <-> x_30,0.841250035912672,0.158749964087328,84.1250035912672
2,x_21 <-> x_22,0.8385480951071537,0.16145190489284633,83.85480951071537
3,x_24 <-> x_27,0.8145120595201089,0.18548794047989114,81.45120595201088
4,x_39 <-> target_y,0.8140546269172596,0.1859453730827404,81.40546269172596
5,x_10 <-> x_11,0.8076041532071633,0.19239584679283672,80.76041532071633
