ranking,arista,correlacion,distancia,fuerza_relacion
1,x_21 <-> x_22,0.870488906409875,0.12951109359012503,87.0488906409875
2,x_39 <-> target_y,0.8689219819366771,0.13107801806332287,86.89219819366771
3,x_10 <-> x_11,0.8557907853758302,0.1442092146241698,85.57907853758302
4,x_24 <-> x_27,0.8512175368337798,0.14878246316622024,85.12175368337797
5,x_24 <-> x_30,0.843742429133503,0.15625757086649705,84.3742429133503
