ranking,arista,correlacion,distancia,fuerza_relacion
1,x_21 <-> x_22,0.8543591672352073,0.14564083276479267,85.43591672352073
2,x_39 <-> target_y,0.846442450654955,0.15355754934504495,84.64424506549551
3,x_24 <-> x_30,0.839563304933393,0.16043669506660696,83.95633049333931
4,x_10 <-> x_11,0.8322079007290384,0.16779209927096161,83.22079007290384
5,x_24 <-> x_27,0.8141885420098576,0.18581145799014243,81.41885420098576
