ranking,arista,correlacion,distancia,fuerza_relacion
1,x_24 <-> x_27,0.8507110239765417,0.14928897602345825,85.07110239765417
2,x_21 <-> x_22,0.8342189644673407,0.16578103553265933,83.42189644673407
3,x_24 <-> x_30,0.8259035568414529,0.1740964431585471,82.5903556841453
4,x_10 <-> x_11,0.809750252760158,0.190249747239842,80.9750252760158
5,x_3 <-> x_9,0.7962225909811399,0.2037774090188601,79.62225909811399
