ranking,arista,correlacion,distancia,fuerza_relacion
1,x_24 <-> x_27,0.8359086406905899,0.1640913593094101,83.590864069059
2,x_10 <-> x_11,0.8292900019124851,0.17070999808751486,82.92900019124852
3,x_24 <-> x_30,0.821428945005915,0.178571054994085,82.1428945005915
4,x_21 <-> x_22,0.8184049182479406,0.1815950817520594,81.84049182479406
5,x_39 <-> target_y,0.8087977250750147,0.19120227492498532,80.87977250750147
