ranking,arista,correlacion,distancia,fuerza_relacion
1,x_10 <-> x_11,0.8640349187189873,0.1359650812810127,86.40349187189872
2,x_39 <-> target_y,0.8638551868465472,0.13614481315345284,86.38551868465471
3,x_24 <-> x_27,0.8601191422028138,0.13988085779718618,86.01191422028138
4,x_21 <-> x_22,0.8536007020785494,0.14639929792145057,85.36007020785495
5,x_24 <-> x_30,0.8510439471508944,0.14895605284910562,85.10439471508944
