desde,hacia,peso,distancia,direccion
x_11,x_10,0.7883093975085561,0.2116906024914439,x_11 → x_10
x_11,x_12,0.7237757738653057,0.27622422613469433,x_11 → x_12
x_21,x_20,0.8022449357133314,0.19775506428666856,x_21 → x_20
x_21,x_22,0.807483297730365,0.19251670226963502,x_21 → x_22
x_39,x_38,0.7259250686249207,0.2740749313750793,x_39 → x_38
target_y,x_11,0.708870206432287,0.29112979356771296,target_y → x_11
target_y,x_21,0.7043361528806233,0.29566384711937665,target_y → x_21
target_y,x_39,0.7935727451800694,0.20642725481993063,target_y → x_39
