desde,hacia,peso,distancia,direccion
x_21,x_20,0.7363551302890424,0.2636448697109576,x_21 → x_20
x_21,x_22,0.8342189644673407,0.16578103553265933,x_21 → x_22
target_y,x_21,0.7745508811732492,0.22544911882675078,target_y → x_21
target_y,x_39,0.7621330774543156,0.23786692254568442,target_y → x_39
