desde,hacia,peso,distancia,direccion
x_21,x_20,0.7425296468520399,0.2574703531479601,x_21 → x_20
x_21,x_22,0.8385480951071537,0.16145190489284633,x_21 → x_22
x_24,x_27,0.8145120595201089,0.18548794047989114,x_24 → x_27
x_24,x_30,0.841250035912672,0.158749964087328,x_24 → x_30
x_39,x_24,0.7092792642046337,0.2907207357953663,x_39 → x_24
x_39,x_38,0.7655547310446693,0.2344452689553307,x_39 → x_38
target_y,x_21,0.7193647435252778,0.2806352564747222,target_y → x_21
target_y,x_39,0.8140546269172596,0.1859453730827404,target_y → x_39
