desde,hacia,peso,distancia,direccion
x_11,x_10,0.8322079007290384,0.16779209927096161,x_11 → x_10
x_11,x_12,0.7642068326480083,0.23579316735199174,x_11 → x_12
x_21,x_20,0.7882086476308603,0.2117913523691397,x_21 → x_20
x_21,x_22,0.8543591672352073,0.14564083276479267,x_21 → x_22
x_39,x_38,0.7449671986158707,0.2550328013841293,x_39 → x_38
target_y,x_11,0.7144199677169711,0.28558003228302886,target_y → x_11
target_y,x_21,0.7359131982089093,0.2640868017910907,target_y → x_21
target_y,x_39,0.846442450654955,0.15355754934504495,target_y → x_39
