desde,hacia,peso,distancia,direccion
x_39,x_38,0.7339520927134827,0.2660479072865173,x_39 → x_38
target_y,x_39,0.8087977250750147,0.19120227492498532,target_y → x_39
