desde,hacia,peso,distancia,direccion
x_11,x_10,0.7869982662667435,0.21300173373325648,x_11 → x_10
x_11,x_12,0.7598921012830857,0.2401078987169143,x_11 → x_12
target_y,x_11,0.7062004801981167,0.29379951980188335,target_y → x_11
target_y,x_39,0.7499588477279331,0.2500411522720669,target_y → x_39
