desde,hacia,peso,distancia,direccion
target_y,x_21,0.7745508811732492,0.22544911882675078,target_y → x_21
target_y,x_39,0.7621330774543156,0.23786692254568442,target_y → x_39
