desde,hacia,peso,distancia,direccion
target_y,x_21,0.7193647435252778,0.2806352564747222,target_y → x_21
target_y,x_39,0.8140546269172596,0.1859453730827404,target_y → x_39
