desde,hacia,peso,distancia,direccion
target_y,x_11,0.708870206432287,0.29112979356771296,target_y → x_11
target_y,x_21,0.7043361528806233,0.29566384711937665,target_y → x_21
target_y,x_39,0.7935727451800694,0.20642725481993063,target_y → x_39
