desde,hacia,peso,distancia,direccion
target_y,x_11,0.7801681743997132,0.2198318256002868,target_y → x_11
target_y,x_21,0.7595416077454709,0.24045839225452914,target_y → x_21
target_y,x_39,0.8638551868465472,0.13614481315345284,target_y → x_39
