desde,hacia,peso,distancia,direccion
target_y,x_11,0.7062004801981167,0.29379951980188335,target_y → x_11
target_y,x_39,0.7499588477279331,0.2500411522720669,target_y → x_39
