desde,hacia,peso,distancia,direccion
target_y,x_11,0.7144199677169711,0.28558003228302886,target_y → x_11
target_y,x_21,0.7359131982089093,0.2640868017910907,target_y → x_21
target_y,x_39,0.846442450654955,0.15355754934504495,target_y → x_39
