desde,hacia,peso,distancia,direccion
target_y,x_11,0.7935305858229892,0.2064694141770108,target_y → x_11
target_y,x_21,0.7646366730362508,0.23536332696374918,target_y → x_21
target_y,x_39,0.8689219819366771,0.13107801806332287,target_y → x_39
